{"cameraMode":{"drawMode":0,"name":"Shaded","section":"Shading Mode"},"sceneLighting":false,"audioPlay":false,"sceneViewState":{"showFog":true,"showMaterialUpdate":false,"showSkybox":true,"showFlares":true,"showImageEffects":true,"showParticleSystems":true},"in2DMode":false,"pivot":{"x":0.0960024893283844,"y":1.0,"z":0.35453712940216067},"rotation":{"x":-0.0029490317683666946,"y":0.18404622375965119,"z":-0.0005517594399861991,"w":-0.9829130172729492},"size":3.8135390281677248,"orthographic":false}