{"cameraMode":{"drawMode":0,"name":"Shaded","section":"Shading Mode"},"sceneLighting":true,"audioPlay":false,"sceneViewState":{"showFog":true,"showMaterialUpdate":false,"showSkybox":true,"showFlares":true,"showImageEffects":true,"showParticleSystems":true},"in2DMode":false,"pivot":{"x":113.47224426269531,"y":-24.56011199951172,"z":-10.933804512023926},"rotation":{"x":0.08953637629747391,"y":0.712078332901001,"z":-0.09237280488014221,"w":0.690213680267334},"size":139.7443389892578,"orthographic":false}